INDEX,TotScore
AAL07-26,2.618448983
AAPL05-01,1.186666667
AAPL07-31,19.680296
AAPL11-01,0.725247584
ABBV04-26,0.087191558
ABBV07-27,1.556806545
ABC05-02,10.75296992
ABC08-02,-1.461300563
ABC11-06,0.033314394
ABT04-18,2.478365385
ADBE06-14,1.159759025
ADBE09-13,0.873260014
ADBE12-13,1.372619048
ADM11-06,0
ADP10-31,67.71639553
AEP04-26,0.397532954
AES11-06,0
AET08-02,2.55
AIG05-02,0.175
AIG08-02,2.618448983
AIG10-31,0.142471011
AIV11-01,68.046849
AIZ11-06,0.235621147
ALB08-07,1.164285714
ALK07-26,2.711965018
ALK10-25,0.145711229
AMAT05-17,0.297730655
AMAT08-16,0
AMAT11-15,3.663231863
AMAT11-16,3.768509712
AMD07-25,9.8
AMD10-24,4.516655252
AMP04-23,95.21583869
AMP07-24,4.956574675
AMP10-23,21.36272798
AMT05-01,-0.308333333
AMT07-31,1.682367684
AMT10-30,0.436966177
AMZN04-26,1.462643945
AMZN07-26,-4.55310255
AMZN10-25,0.941734474
ANDV05-07,0.495833333
APH04-25,0.470736783
APH10-24,0.704387945
APTV10-31,0.261538462
ATVI05-04,11.05208527
ATVI08-02,1.306957792
ATVI11-08,0.340978518
BA04-25,5.632962699
BA07-25,-0.120950256
BA10-24,0.782951061
BAC04-16,0.947348485
BAX04-26,0.413333333
BBY05-24,1.792446429
BBY08-28,0.199333333
BBY11-20,0.275
BEN04-26,12.39844237
BEN07-27,0.151190476
BEN10-25,0.163244048
BK10-18,0.475
BLK04-12,1.64524971
BLK10-16,2.412551311
BMY04-26,0.3325
BWA10-25,1.39037037
C04-13,2.03154926
C07-13,2.81003817
C10-12,0
CA05-08,0.37443609
CA08-06,0.814962154
CA11-09,2.428551943
CAH05-03,9.519022556
CAT04-24,4.54357722
CAT07-30,-0.381947415
CAT10-23,0.635186981
CB07-24,1.535949248
CB10-23,0.6275
CBS08-02,1.9125
CBS11-01,0.4275
CCI07-18,2.962184874
CCI10-17,0
CDNS07-23,0
CDNS10-22,0.894807999
CELG07-26,0.129737708
CF05-02,0
CF08-01,0.555
CHTR04-27,0.120634921
CL10-26,6.572855795
CMCSA04-25,0.097669706
CMCSA07-26,24.42970779
CMCSA10-25,3.938556068
CME04-26,0.465858586
CME10-25,0.658818342
CMG04-25,5.720893638
CMG07-26,4.573635308
CMG10-25,0.809771825
CMI07-31,0.0875
CMS04-26,0.375324675
CMS07-26,0.344095238
COF04-24,0.447224573
COG07-27,0.307740207
COL11-26,0
COO06-07,1.583529412
COO08-30,3.960582011
COO12-06,1.612898137
COTY08-21,0
CPB05-18,3.837851345
CRM05-29,0
CRM08-29,0.515670996
CRM11-27,-0.63296503
CSCO05-16,0.223925723
CSCO11-14,2.703556228
CTL08-08,18.78929808
CTL11-08,0.495714286
CVS05-02,12.74705882
CVS08-08,1.062830688
CVX07-27,0.217629743
CVX11-02,0
D04-27,-0.731829574
D08-01,0.357482993
D11-01,0.200226289
DAL07-12,0.142840909
DE08-17,0.334166667
DE11-21,3.090635362
DFS07-26,0
DFS10-25,9.515232108
DG05-31,0
DG08-30,0
DHR10-18,0.581185919
DIS05-08,0.263693182
DIS08-07,3.613036391
DIS11-08,123.9286205
DISH08-03,0.330714286
DISH11-07,4.137946429
DLR04-26,0.333333333
DLR10-25,0.49158695
DLTR05-31,0.326124885
DLTR11-29,-0.375
DRI06-21,16.93514213
DRI09-20,0.899227618
DRI12-18,-0.574219989
EA05-08,0.172786458
EA07-26,1.57183728
EA10-30,0.595738629
EBAY04-25,-4.569054823
EBAY07-18,2.366899952
EBAY10-30,0
ED05-04,0.022457837
ED08-02,0.291071429
ED11-01,0.21863354
EIX05-01,0.433195592
EL05-02,1.481993007
EL10-31,185.4394562
EOG05-03,0.126726138
EQIX08-08,0.460183398
EQIX11-01,0.097772367
EQT10-25,4.037019969
ES05-02,0.154954212
ES07-31,0.284583333
ES11-01,1.759267787
ETN05-01,-0.06
EXPE04-26,0
EXPE07-26,0.259296259
EXPE10-25,0
F04-25,0
F07-25,0.333333333
F10-24,32.80682007
FAST04-11,0.480789474
FAST07-11,0.28320802
FAST10-10,60.25762665
FB04-25,6.626620458
FB07-25,-3.096842789
FB10-30,185.3320862
FCX04-24,1.474334734
FDX09-17,0.81908253
FE04-23,0.446516083
FIS05-01,0.688787879
FIS07-31,0.766364989
FIS10-30,0
FL05-25,0.010513784
FL08-24,15.20476285
FL11-20,9.291344294
FLIR10-30,0.547891448
FLR05-03,-0.066666667
FLS05-10,0.010513784
FLS11-07,6.56571823
GD07-25,-0.825
GD10-24,0.326467051
GE04-20,5.294260097
GE07-20,14.68184113
GE10-30,6.147655426
GGP05-03,2.137385087
GILD05-01,0.266
GIS06-27,-0.156837607
GIS12-19,0
GLW04-24,0.347841335
GM04-26,3.340340909
GM07-25,2.941186729
GM10-31,0.058333333
GOOGL04-24,0.573766477
GOOGL07-24,0.267361111
GPN05-03,0.969977278
GPN08-02,48.2994934
GPS08-23,1.725
GPS11-20,1.110961784
GS04-17,0.20780474
GS07-17,0.625
GT04-25,0.033779762
GT07-27,1.146527884
HAS04-23,0.602727273
HD08-14,0.199333333
HD11-13,36.97142827
HOG07-24,-5.901231269
HOG10-23,1.066666667
HON07-20,0
HRB06-12,0.426666667
HRL05-24,1.391215729
HRS05-02,0.587810424
HRS07-31,0.890417341
HRS10-14,65.43086014
HSY04-26,1.084090909
HUM08-01,1.047454545
IBM04-18,0
IBM07-18,2.942842662
IBM10-16,6.00128655
ICE05-03,-0.000181783
ICE08-02,1.131312978
ICE10-31,0.144966678
IFF05-07,0.365178571
ILMN10-23,436.0155111
INFO03-27,0
INFO06-26,0.079627976
INFO09-25,0.186353739
INTC07-27,9.776808146
INTC10-26,19.86503857
IP04-26,17.99108314
IP10-25,0.542006495
IPG10-19,1.823383124
IPGP07-31,1.585602679
IPGP10-30,2.116973886
IR04-25,0.102154582
IR07-25,0.547826741
IR10-24,-0.00487013
JCI11-08,0.042222222
JNJ04-17,0.18863809
JNJ07-17,17.68185771
JNJ10-16,0.398450952
JPM04-13,4.893254878
JPM10-12,0.079166667
JWN08-16,0.459778457
JWN11-15,5.62622549
K05-03,0.0875
K08-02,-0.203030303
K10-31,0.530981617
KEY04-19,0.285157587
KEY10-18,68.15815792
KHC05-02,0.0777087
KHC11-01,0.467014944
KIM04-26,6.959743352
KLAC10-29,1.291058201
KMB04-23,0.863941198
KMI10-17,0.038156028
KO04-24,-0.334974747
KO07-25,0
KO10-30,-0.379855072
KR06-21,0.185087719
KSS05-22,0.010513784
L04-30,0.228787879
L07-30,-0.166666667
L11-05,-0.451472035
LB05-23,0.74599653
LB08-22,0.494967075
LB11-19,1.713498139
LEG07-26,10.25022785
LEG10-25,0
LEN10-03,0.073636364
LH10-24,4.233947773
LMT04-24,-0.050904751
LMT07-24,0.428571429
LOW05-23,1.205720298
LOW11-20,3.655105545
LRCX04-18,0.468134921
LRCX07-26,0.878703704
LRCX10-16,0
LUV04-26,0.237675256
LUV07-26,0.071420455
LUV10-25,0.883333333
LYB10-30,0.266666667
M11-14,4.990811904
MA05-02,0.276190476
MA07-26,1.181408314
MA10-30,0.090242285
MAC05-02,14.84403561
MAC08-01,0.169871795
MAC11-01,0.71031746
MAR05-08,17.25912142
MAR08-06,0
MAR11-05,11.40213991
MAS04-24,0.18125
MAS07-31,1.21951826
MAS10-30,0.090242285
MAT04-26,0.602727273
MCD04-30,1.652046376
MCD07-26,0
MCD10-23,0
MCK05-24,10.22413534
MET05-02,-5.542592593
MET08-01,8.320550706
MET11-01,8.200075634
MGM10-30,4.135483871
MLM07-26,0.767246642
MMM04-24,2.944018945
MMM07-24,0.284108689
MMM10-23,0.221296296
MO07-26,0.859894862
MO10-25,0.243360688
MOS05-07,0
MOS08-06,0.639291687
MPC04-30,0.53125
MRO11-07,-0.025
MS04-18,2.769858364
MS10-16,1.309857143
MSFT04-26,1.539997308
MSFT07-19,-1.74397799
MU06-20,0.176785762
MU09-20,1.363607703
MU12-18,0.476320902
MYL05-09,1.486134454
NAVI07-25,0.047489177
NDAQ04-25,11.45067752
NEE04-24,0.218111888
NEE10-23,1.475833333
NEM04-26,0.464705882
NEM10-25,4.135483871
NFLX04-16,2.768636364
NFLX07-16,0.796225296
NFLX10-16,123.4821564
NKE09-25,0.04625
NKTR05-10,0
NOC04-25,0.307556022
NOV04-26,0.614530049
NOV10-25,0.15062838
NUE07-19,0.057366771
NVDA05-10,0.147628205
NVDA08-16,5.282541796
NVDA11-15,1.777446482
NWL05-04,0.123928571
NWL08-06,0.005681818
NWL11-02,0.180078036
NWSA05-10,2.667707442
NWSA08-09,16.76980263
NWSA11-07,3.07660805
O05-08,2.640555556
O08-01,0.219477028
O10-31,0.069318182
OMC07-17,0.744163575
ORCL12-17,0
PBCT04-19,0.298149715
PCG05-03,0.433195592
PEG04-30,0.345722299
PEG08-01,8.235734042
PEG10-30,0.651429889
PEP04-26,-1.481666667
PEP10-02,1.167676587
PFE05-01,-0.2125
PFG04-26,0.123928571
PG04-19,0.324896694
PG07-31,-0.071258503
PG10-19,-0.092896825
PH08-02,0
PH11-01,1.320750661
PHM10-23,1.078787879
PKG04-24,0.900757576
PM07-19,19.00777829
PM10-18,2.104761905
PNC04-13,2.962482143
PNC07-13,0.02202381
PPL08-07,0.0594094
PPL11-01,0.373483914
PRU05-02,0.123928571
PSA08-01,3.087762426
PSA10-30,1.711340232
PYPL04-25,0.65
PYPL07-25,0.444747475
PYPL10-18,1.035545184
QCOM04-25,0.296666667
QCOM07-25,-0.01875
RCL04-26,0
REG10-25,0.072855614
RF04-20,0.263675266
RMD08-02,-0.053571429
ROST11-20,-0.375
SBUX04-26,7.915877193
SBUX07-26,0.919983178
SBUX11-01,53.51049125
SCG08-02,-0.118367347
SCG10-25,3.840092166
SIVB10-25,0.54
SJM06-07,-0.117628205
SJM08-21,0
SLB04-20,0
SLB10-19,0.58463955
SNA04-19,5.721848485
SNPS05-23,-0.067286706
SNPS08-22,8.351696654
SPGI07-26,0.123639069
SPGI10-25,1.729601141
SRE05-07,0.433195592
SRE08-06,-0.071258503
STI07-20,0.164400922
STI10-19,0.498459384
STT04-20,0.298149715
STX11-02,0.086111111
SYF07-27,-0.035
SYY08-13,0
T04-25,10.43928266
T07-24,-15.5343965
T10-24,1.611985899
TAP05-02,1.762985096
TAP08-01,-0.070450216
TAP10-31,1.15166908
TEL10-31,0.327978896
TGT08-22,0.9
TGT11-20,7.822256729
TJX08-21,0.048214286
TRIP11-07,1.008189973
TRV07-19,2.618448983
TSN05-07,0.2475
TSN11-13,6.444585561
TSS04-24,0.447224573
TTWO05-16,0.900180083
TTWO08-02,1.676626432
TTWO11-06,0.20155955
TXN04-24,3.17839599
TXN07-24,0.154166667
TXN10-23,1.39037037
TXT10-18,0.126979167
UAA07-26,23.8334989
UAA10-30,369.5349242
UNH04-17,185.093973
UNH07-17,0.653809524
UNP04-26,1.662306548
UNP07-19,2.715336134
URI04-19,0
USB04-18,14.10744343
UTX04-24,0.447224573
UTX07-24,0.59533086
V07-25,0.190842434
VAR10-23,8.955512573
VFC10-19,369.9363745
VTR10-26,2.138529172
VZ04-24,22.45916741
VZ10-23,1.8418221
WAT04-24,9.736111111
WBA06-28,0.319158361
WBA10-11,4.037019969
WBA12-20,0.133951264
WDC04-26,0.068333333
WDC07-26,0.33
WEC10-31,0.363470418
WFC04-13,1.469164747
WFC07-13,0
WFC10-12,1.313450835
WM10-25,1.125416667
WMT05-17,2.257589353
WMT08-16,18.8788595
WMT11-15,3.017702763
WU08-02,0
WU11-01,0.038789229
XOM04-27,-0.382828283
XOM07-27,9.562883581
XOM11-02,0.260612245
XRAY05-06,0.3
